Aasta;Majanduskategooria;Omand;Meetrik;Enamuspuuliik;Kaitsepõhjus;Meetriku väärtus
1999;Majandatav metsamaa;Kokku;Pindala (tuhat ha);Kuusk;Kokku ;373,5
2000;Majandatav metsamaa;Kokku;Pindala (tuhat ha);Kuusk;Kokku ;390,5
2001;Majandatav metsamaa;Kokku;Pindala (tuhat ha);Kuusk;Kokku ;394,0
2002;Majandatav metsamaa;Kokku;Pindala (tuhat ha);Kuusk;Kokku ;386,0
2003;Majandatav metsamaa;Kokku;Pindala (tuhat ha);Kuusk;Kokku ;384,7
2004;Majandatav metsamaa;Kokku;Pindala (tuhat ha);Kuusk;Kokku ;382,1
2005;Majandatav metsamaa;Kokku;Pindala (tuhat ha);Kuusk;Kokku ;376,1
2006;Majandatav metsamaa;Kokku;Pindala (tuhat ha);Kuusk;Kokku ;368,9
2007;Majandatav metsamaa;Kokku;Pindala (tuhat ha);Kuusk;Kokku ;363,1
2008;Majandatav metsamaa;Kokku;Pindala (tuhat ha);Kuusk;Kokku ;365,2
2009;Majandatav metsamaa;Kokku;Pindala (tuhat ha);Kuusk;Kokku ;354,3
2010;Majandatav metsamaa;Kokku;Pindala (tuhat ha);Kuusk;Kokku ;356,3
2011;Majandatav metsamaa;Kokku;Pindala (tuhat ha);Kuusk;Kokku ;362,9
2012;Majandatav metsamaa;Kokku;Pindala (tuhat ha);Kuusk;Kokku ;358,0
2013;Majandatav metsamaa;Kokku;Pindala (tuhat ha);Kuusk;Kokku ;356,5
2014;Majandatav metsamaa;Kokku;Pindala (tuhat ha);Kuusk;Kokku ;375,3
2015;Majandatav metsamaa;Kokku;Pindala (tuhat ha);Kuusk;Kokku ;378,2
2016;Majandatav metsamaa;Kokku;Pindala (tuhat ha);Kuusk;Kokku ;379,5
2017;Majandatav metsamaa;Kokku;Pindala (tuhat ha);Kuusk;Kokku ;381,5
2018;Majandatav metsamaa;Kokku;Pindala (tuhat ha);Kuusk;Kokku ;392,2
2019;Majandatav metsamaa;Kokku;Pindala (tuhat ha);Kuusk;Kokku ;387,9
2020;Majandatav metsamaa;Kokku;Pindala (tuhat ha);Kuusk;Kokku ;379,2
2021;Majandatav metsamaa;Kokku;Pindala (tuhat ha);Kuusk;Kokku ;363,5
2022;Majandatav metsamaa;Kokku;Pindala (tuhat ha);Kuusk;Kokku ;360,2
2023;Majandatav metsamaa;Kokku;Pindala (tuhat ha);Kuusk;Kokku ;359,8
2024;Majandatav metsamaa;Kokku;Pindala (tuhat ha);Kuusk;Kokku ;361,4
1999;Majandatav metsamaa;Kokku;Pindala (tuhat ha);Kuusk;141...;
2000;Majandatav metsamaa;Kokku;Pindala (tuhat ha);Kuusk;141...;
2001;Majandatav metsamaa;Kokku;Pindala (tuhat ha);Kuusk;141...;
2002;Majandatav metsamaa;Kokku;Pindala (tuhat ha);Kuusk;141...;0,3
2003;Majandatav metsamaa;Kokku;Pindala (tuhat ha);Kuusk;141...;0,4
2004;Majandatav metsamaa;Kokku;Pindala (tuhat ha);Kuusk;141...;0,4
2005;Majandatav metsamaa;Kokku;Pindala (tuhat ha);Kuusk;141...;0,4
2006;Majandatav metsamaa;Kokku;Pindala (tuhat ha);Kuusk;141...;0,6
2007;Majandatav metsamaa;Kokku;Pindala (tuhat ha);Kuusk;141...;0,6
2008;Majandatav metsamaa;Kokku;Pindala (tuhat ha);Kuusk;141...;0,6
2009;Majandatav metsamaa;Kokku;Pindala (tuhat ha);Kuusk;141...;0,8
2010;Majandatav metsamaa;Kokku;Pindala (tuhat ha);Kuusk;141...;1,2
2011;Majandatav metsamaa;Kokku;Pindala (tuhat ha);Kuusk;141...;1,2
2012;Majandatav metsamaa;Kokku;Pindala (tuhat ha);Kuusk;141...;1,0
2013;Majandatav metsamaa;Kokku;Pindala (tuhat ha);Kuusk;141...;1,0
2014;Majandatav metsamaa;Kokku;Pindala (tuhat ha);Kuusk;141...;0,8
2015;Majandatav metsamaa;Kokku;Pindala (tuhat ha);Kuusk;141...;0,6
2016;Majandatav metsamaa;Kokku;Pindala (tuhat ha);Kuusk;141...;0,5
2017;Majandatav metsamaa;Kokku;Pindala (tuhat ha);Kuusk;141...;0,8
2018;Majandatav metsamaa;Kokku;Pindala (tuhat ha);Kuusk;141...;0,8
2019;Majandatav metsamaa;Kokku;Pindala (tuhat ha);Kuusk;141...;1,1
2020;Majandatav metsamaa;Kokku;Pindala (tuhat ha);Kuusk;141...;0,9
2021;Majandatav metsamaa;Kokku;Pindala (tuhat ha);Kuusk;141...;0,6
2022;Majandatav metsamaa;Kokku;Pindala (tuhat ha);Kuusk;141...;0,3
2023;Majandatav metsamaa;Kokku;Pindala (tuhat ha);Kuusk;141...;0,3
2024;Majandatav metsamaa;Kokku;Pindala (tuhat ha);Kuusk;141...;0,5
1999;Majandatav metsamaa;Kokku;Pindala (tuhat ha);Kuusk;131...140;
2000;Majandatav metsamaa;Kokku;Pindala (tuhat ha);Kuusk;131...140;0,6
2001;Majandatav metsamaa;Kokku;Pindala (tuhat ha);Kuusk;131...140;0,4
2002;Majandatav metsamaa;Kokku;Pindala (tuhat ha);Kuusk;131...140;0,3
2003;Majandatav metsamaa;Kokku;Pindala (tuhat ha);Kuusk;131...140;0,2
2004;Majandatav metsamaa;Kokku;Pindala (tuhat ha);Kuusk;131...140;0,2
2005;Majandatav metsamaa;Kokku;Pindala (tuhat ha);Kuusk;131...140;0,2
2006;Majandatav metsamaa;Kokku;Pindala (tuhat ha);Kuusk;131...140;0,2
2007;Majandatav metsamaa;Kokku;Pindala (tuhat ha);Kuusk;131...140;0,2
2008;Majandatav metsamaa;Kokku;Pindala (tuhat ha);Kuusk;131...140;0,2
2009;Majandatav metsamaa;Kokku;Pindala (tuhat ha);Kuusk;131...140;0,2
2010;Majandatav metsamaa;Kokku;Pindala (tuhat ha);Kuusk;131...140;
2011;Majandatav metsamaa;Kokku;Pindala (tuhat ha);Kuusk;131...140;0,4
2012;Majandatav metsamaa;Kokku;Pindala (tuhat ha);Kuusk;131...140;0,4
2013;Majandatav metsamaa;Kokku;Pindala (tuhat ha);Kuusk;131...140;0,4
2014;Majandatav metsamaa;Kokku;Pindala (tuhat ha);Kuusk;131...140;1,1
2015;Majandatav metsamaa;Kokku;Pindala (tuhat ha);Kuusk;131...140;1,6
2016;Majandatav metsamaa;Kokku;Pindala (tuhat ha);Kuusk;131...140;1,5
2017;Majandatav metsamaa;Kokku;Pindala (tuhat ha);Kuusk;131...140;1,6
2018;Majandatav metsamaa;Kokku;Pindala (tuhat ha);Kuusk;131...140;1,6
2019;Majandatav metsamaa;Kokku;Pindala (tuhat ha);Kuusk;131...140;1,8
2020;Majandatav metsamaa;Kokku;Pindala (tuhat ha);Kuusk;131...140;2,1
2021;Majandatav metsamaa;Kokku;Pindala (tuhat ha);Kuusk;131...140;1,4
2022;Majandatav metsamaa;Kokku;Pindala (tuhat ha);Kuusk;131...140;1,1
2023;Majandatav metsamaa;Kokku;Pindala (tuhat ha);Kuusk;131...140;1,2
2024;Majandatav metsamaa;Kokku;Pindala (tuhat ha);Kuusk;131...140;0,8
1999;Majandatav metsamaa;Kokku;Pindala (tuhat ha);Kuusk;121...130;
2000;Majandatav metsamaa;Kokku;Pindala (tuhat ha);Kuusk;121...130;0,6
2001;Majandatav metsamaa;Kokku;Pindala (tuhat ha);Kuusk;121...130;0,4
2002;Majandatav metsamaa;Kokku;Pindala (tuhat ha);Kuusk;121...130;0,3
2003;Majandatav metsamaa;Kokku;Pindala (tuhat ha);Kuusk;121...130;0,2
2004;Majandatav metsamaa;Kokku;Pindala (tuhat ha);Kuusk;121...130;0,6
2005;Majandatav metsamaa;Kokku;Pindala (tuhat ha);Kuusk;121...130;1,3
2006;Majandatav metsamaa;Kokku;Pindala (tuhat ha);Kuusk;121...130;2,0
2007;Majandatav metsamaa;Kokku;Pindala (tuhat ha);Kuusk;121...130;2,4
2008;Majandatav metsamaa;Kokku;Pindala (tuhat ha);Kuusk;121...130;2,4
2009;Majandatav metsamaa;Kokku;Pindala (tuhat ha);Kuusk;121...130;2,5
2010;Majandatav metsamaa;Kokku;Pindala (tuhat ha);Kuusk;121...130;2,5
2011;Majandatav metsamaa;Kokku;Pindala (tuhat ha);Kuusk;121...130;1,8
2012;Majandatav metsamaa;Kokku;Pindala (tuhat ha);Kuusk;121...130;1,8
2013;Majandatav metsamaa;Kokku;Pindala (tuhat ha);Kuusk;121...130;2,0
2014;Majandatav metsamaa;Kokku;Pindala (tuhat ha);Kuusk;121...130;1,9
2015;Majandatav metsamaa;Kokku;Pindala (tuhat ha);Kuusk;121...130;1,1
2016;Majandatav metsamaa;Kokku;Pindala (tuhat ha);Kuusk;121...130;1,0
2017;Majandatav metsamaa;Kokku;Pindala (tuhat ha);Kuusk;121...130;0,9
2018;Majandatav metsamaa;Kokku;Pindala (tuhat ha);Kuusk;121...130;1,2
2019;Majandatav metsamaa;Kokku;Pindala (tuhat ha);Kuusk;121...130;1,0
2020;Majandatav metsamaa;Kokku;Pindala (tuhat ha);Kuusk;121...130;1,1
2021;Majandatav metsamaa;Kokku;Pindala (tuhat ha);Kuusk;121...130;1,2
2022;Majandatav metsamaa;Kokku;Pindala (tuhat ha);Kuusk;121...130;1,1
2023;Majandatav metsamaa;Kokku;Pindala (tuhat ha);Kuusk;121...130;1,1
2024;Majandatav metsamaa;Kokku;Pindala (tuhat ha);Kuusk;121...130;1,4
1999;Majandatav metsamaa;Kokku;Pindala (tuhat ha);Kuusk;111...120;4,6
2000;Majandatav metsamaa;Kokku;Pindala (tuhat ha);Kuusk;111...120;5,6
2001;Majandatav metsamaa;Kokku;Pindala (tuhat ha);Kuusk;111...120;5,2
2002;Majandatav metsamaa;Kokku;Pindala (tuhat ha);Kuusk;111...120;4,4
2003;Majandatav metsamaa;Kokku;Pindala (tuhat ha);Kuusk;111...120;3,7
2004;Majandatav metsamaa;Kokku;Pindala (tuhat ha);Kuusk;111...120;3,7
2005;Majandatav metsamaa;Kokku;Pindala (tuhat ha);Kuusk;111...120;3,4
2006;Majandatav metsamaa;Kokku;Pindala (tuhat ha);Kuusk;111...120;3,6
2007;Majandatav metsamaa;Kokku;Pindala (tuhat ha);Kuusk;111...120;3,8
2008;Majandatav metsamaa;Kokku;Pindala (tuhat ha);Kuusk;111...120;3,8
2009;Majandatav metsamaa;Kokku;Pindala (tuhat ha);Kuusk;111...120;3,5
2010;Majandatav metsamaa;Kokku;Pindala (tuhat ha);Kuusk;111...120;2,7
2011;Majandatav metsamaa;Kokku;Pindala (tuhat ha);Kuusk;111...120;2,1
2012;Majandatav metsamaa;Kokku;Pindala (tuhat ha);Kuusk;111...120;1,9
2013;Majandatav metsamaa;Kokku;Pindala (tuhat ha);Kuusk;111...120;2,3
2014;Majandatav metsamaa;Kokku;Pindala (tuhat ha);Kuusk;111...120;2,1
2015;Majandatav metsamaa;Kokku;Pindala (tuhat ha);Kuusk;111...120;2,9
2016;Majandatav metsamaa;Kokku;Pindala (tuhat ha);Kuusk;111...120;2,8
2017;Majandatav metsamaa;Kokku;Pindala (tuhat ha);Kuusk;111...120;3,1
2018;Majandatav metsamaa;Kokku;Pindala (tuhat ha);Kuusk;111...120;3,9
2019;Majandatav metsamaa;Kokku;Pindala (tuhat ha);Kuusk;111...120;4,0
2020;Majandatav metsamaa;Kokku;Pindala (tuhat ha);Kuusk;111...120;4,0
2021;Majandatav metsamaa;Kokku;Pindala (tuhat ha);Kuusk;111...120;3,4
2022;Majandatav metsamaa;Kokku;Pindala (tuhat ha);Kuusk;111...120;3,8
2023;Majandatav metsamaa;Kokku;Pindala (tuhat ha);Kuusk;111...120;3,4
2024;Majandatav metsamaa;Kokku;Pindala (tuhat ha);Kuusk;111...120;2,9
1999;Majandatav metsamaa;Kokku;Pindala (tuhat ha);Kuusk;101...110;9,1
2000;Majandatav metsamaa;Kokku;Pindala (tuhat ha);Kuusk;101...110;7,4
2001;Majandatav metsamaa;Kokku;Pindala (tuhat ha);Kuusk;101...110;6,9
2002;Majandatav metsamaa;Kokku;Pindala (tuhat ha);Kuusk;101...110;7,3
2003;Majandatav metsamaa;Kokku;Pindala (tuhat ha);Kuusk;101...110;7,0
2004;Majandatav metsamaa;Kokku;Pindala (tuhat ha);Kuusk;101...110;6,7
2005;Majandatav metsamaa;Kokku;Pindala (tuhat ha);Kuusk;101...110;7,8
2006;Majandatav metsamaa;Kokku;Pindala (tuhat ha);Kuusk;101...110;8,5
2007;Majandatav metsamaa;Kokku;Pindala (tuhat ha);Kuusk;101...110;7,7
2008;Majandatav metsamaa;Kokku;Pindala (tuhat ha);Kuusk;101...110;7,4
2009;Majandatav metsamaa;Kokku;Pindala (tuhat ha);Kuusk;101...110;6,5
2010;Majandatav metsamaa;Kokku;Pindala (tuhat ha);Kuusk;101...110;6,1
2011;Majandatav metsamaa;Kokku;Pindala (tuhat ha);Kuusk;101...110;5,9
2012;Majandatav metsamaa;Kokku;Pindala (tuhat ha);Kuusk;101...110;5,6
2013;Majandatav metsamaa;Kokku;Pindala (tuhat ha);Kuusk;101...110;6,9
2014;Majandatav metsamaa;Kokku;Pindala (tuhat ha);Kuusk;101...110;7,7
2015;Majandatav metsamaa;Kokku;Pindala (tuhat ha);Kuusk;101...110;7,7
2016;Majandatav metsamaa;Kokku;Pindala (tuhat ha);Kuusk;101...110;7,2
2017;Majandatav metsamaa;Kokku;Pindala (tuhat ha);Kuusk;101...110;7,4
2018;Majandatav metsamaa;Kokku;Pindala (tuhat ha);Kuusk;101...110;6,6
2019;Majandatav metsamaa;Kokku;Pindala (tuhat ha);Kuusk;101...110;6,2
2020;Majandatav metsamaa;Kokku;Pindala (tuhat ha);Kuusk;101...110;5,0
2021;Majandatav metsamaa;Kokku;Pindala (tuhat ha);Kuusk;101...110;4,5
2022;Majandatav metsamaa;Kokku;Pindala (tuhat ha);Kuusk;101...110;4,9
2023;Majandatav metsamaa;Kokku;Pindala (tuhat ha);Kuusk;101...110;5,7
2024;Majandatav metsamaa;Kokku;Pindala (tuhat ha);Kuusk;101...110;6,0
1999;Majandatav metsamaa;Kokku;Pindala (tuhat ha);Kuusk;91...100;11,5
2000;Majandatav metsamaa;Kokku;Pindala (tuhat ha);Kuusk;91...100;18,5
2001;Majandatav metsamaa;Kokku;Pindala (tuhat ha);Kuusk;91...100;15,1
2002;Majandatav metsamaa;Kokku;Pindala (tuhat ha);Kuusk;91...100;12,9
2003;Majandatav metsamaa;Kokku;Pindala (tuhat ha);Kuusk;91...100;15,7
2004;Majandatav metsamaa;Kokku;Pindala (tuhat ha);Kuusk;91...100;17,5
2005;Majandatav metsamaa;Kokku;Pindala (tuhat ha);Kuusk;91...100;14,8
2006;Majandatav metsamaa;Kokku;Pindala (tuhat ha);Kuusk;91...100;17,6
2007;Majandatav metsamaa;Kokku;Pindala (tuhat ha);Kuusk;91...100;17,7
2008;Majandatav metsamaa;Kokku;Pindala (tuhat ha);Kuusk;91...100;14,9
2009;Majandatav metsamaa;Kokku;Pindala (tuhat ha);Kuusk;91...100;12,4
2010;Majandatav metsamaa;Kokku;Pindala (tuhat ha);Kuusk;91...100;13,4
2011;Majandatav metsamaa;Kokku;Pindala (tuhat ha);Kuusk;91...100;10,5
2012;Majandatav metsamaa;Kokku;Pindala (tuhat ha);Kuusk;91...100;10,4
2013;Majandatav metsamaa;Kokku;Pindala (tuhat ha);Kuusk;91...100;11,5
2014;Majandatav metsamaa;Kokku;Pindala (tuhat ha);Kuusk;91...100;13,2
2015;Majandatav metsamaa;Kokku;Pindala (tuhat ha);Kuusk;91...100;12,3
2016;Majandatav metsamaa;Kokku;Pindala (tuhat ha);Kuusk;91...100;13,3
2017;Majandatav metsamaa;Kokku;Pindala (tuhat ha);Kuusk;91...100;13,1
2018;Majandatav metsamaa;Kokku;Pindala (tuhat ha);Kuusk;91...100;12,6
2019;Majandatav metsamaa;Kokku;Pindala (tuhat ha);Kuusk;91...100;12,0
2020;Majandatav metsamaa;Kokku;Pindala (tuhat ha);Kuusk;91...100;10,8
2021;Majandatav metsamaa;Kokku;Pindala (tuhat ha);Kuusk;91...100;9,1
2022;Majandatav metsamaa;Kokku;Pindala (tuhat ha);Kuusk;91...100;8,7
2023;Majandatav metsamaa;Kokku;Pindala (tuhat ha);Kuusk;91...100;8,5
2024;Majandatav metsamaa;Kokku;Pindala (tuhat ha);Kuusk;91...100;6,9
1999;Majandatav metsamaa;Kokku;Pindala (tuhat ha);Kuusk;81...90;23,1
2000;Majandatav metsamaa;Kokku;Pindala (tuhat ha);Kuusk;81...90;28,9
2001;Majandatav metsamaa;Kokku;Pindala (tuhat ha);Kuusk;81...90;26,7
2002;Majandatav metsamaa;Kokku;Pindala (tuhat ha);Kuusk;81...90;25,5
2003;Majandatav metsamaa;Kokku;Pindala (tuhat ha);Kuusk;81...90;26,3
2004;Majandatav metsamaa;Kokku;Pindala (tuhat ha);Kuusk;81...90;28,0
2005;Majandatav metsamaa;Kokku;Pindala (tuhat ha);Kuusk;81...90;26,4
2006;Majandatav metsamaa;Kokku;Pindala (tuhat ha);Kuusk;81...90;27,4
2007;Majandatav metsamaa;Kokku;Pindala (tuhat ha);Kuusk;81...90;25,5
2008;Majandatav metsamaa;Kokku;Pindala (tuhat ha);Kuusk;81...90;25,4
2009;Majandatav metsamaa;Kokku;Pindala (tuhat ha);Kuusk;81...90;22,3
2010;Majandatav metsamaa;Kokku;Pindala (tuhat ha);Kuusk;81...90;23,2
2011;Majandatav metsamaa;Kokku;Pindala (tuhat ha);Kuusk;81...90;21,5
2012;Majandatav metsamaa;Kokku;Pindala (tuhat ha);Kuusk;81...90;21,8
2013;Majandatav metsamaa;Kokku;Pindala (tuhat ha);Kuusk;81...90;19,0
2014;Majandatav metsamaa;Kokku;Pindala (tuhat ha);Kuusk;81...90;19,2
2015;Majandatav metsamaa;Kokku;Pindala (tuhat ha);Kuusk;81...90;17,7
2016;Majandatav metsamaa;Kokku;Pindala (tuhat ha);Kuusk;81...90;19,6
2017;Majandatav metsamaa;Kokku;Pindala (tuhat ha);Kuusk;81...90;21,3
2018;Majandatav metsamaa;Kokku;Pindala (tuhat ha);Kuusk;81...90;22,9
2019;Majandatav metsamaa;Kokku;Pindala (tuhat ha);Kuusk;81...90;20,6
2020;Majandatav metsamaa;Kokku;Pindala (tuhat ha);Kuusk;81...90;19,3
2021;Majandatav metsamaa;Kokku;Pindala (tuhat ha);Kuusk;81...90;17,0
2022;Majandatav metsamaa;Kokku;Pindala (tuhat ha);Kuusk;81...90;14,8
2023;Majandatav metsamaa;Kokku;Pindala (tuhat ha);Kuusk;81...90;14,2
2024;Majandatav metsamaa;Kokku;Pindala (tuhat ha);Kuusk;81...90;15,2
1999;Majandatav metsamaa;Kokku;Pindala (tuhat ha);Kuusk;71...80;35,4
2000;Majandatav metsamaa;Kokku;Pindala (tuhat ha);Kuusk;71...80;44,8
2001;Majandatav metsamaa;Kokku;Pindala (tuhat ha);Kuusk;71...80;44,5
2002;Majandatav metsamaa;Kokku;Pindala (tuhat ha);Kuusk;71...80;42,8
2003;Majandatav metsamaa;Kokku;Pindala (tuhat ha);Kuusk;71...80;44,0
2004;Majandatav metsamaa;Kokku;Pindala (tuhat ha);Kuusk;71...80;43,5
2005;Majandatav metsamaa;Kokku;Pindala (tuhat ha);Kuusk;71...80;41,2
2006;Majandatav metsamaa;Kokku;Pindala (tuhat ha);Kuusk;71...80;41,2
2007;Majandatav metsamaa;Kokku;Pindala (tuhat ha);Kuusk;71...80;42,6
2008;Majandatav metsamaa;Kokku;Pindala (tuhat ha);Kuusk;71...80;40,5
2009;Majandatav metsamaa;Kokku;Pindala (tuhat ha);Kuusk;71...80;40,1
2010;Majandatav metsamaa;Kokku;Pindala (tuhat ha);Kuusk;71...80;39,7
2011;Majandatav metsamaa;Kokku;Pindala (tuhat ha);Kuusk;71...80;40,0
2012;Majandatav metsamaa;Kokku;Pindala (tuhat ha);Kuusk;71...80;37,6
2013;Majandatav metsamaa;Kokku;Pindala (tuhat ha);Kuusk;71...80;36,1
2014;Majandatav metsamaa;Kokku;Pindala (tuhat ha);Kuusk;71...80;38,3
2015;Majandatav metsamaa;Kokku;Pindala (tuhat ha);Kuusk;71...80;34,7
2016;Majandatav metsamaa;Kokku;Pindala (tuhat ha);Kuusk;71...80;32,7
2017;Majandatav metsamaa;Kokku;Pindala (tuhat ha);Kuusk;71...80;33,1
2018;Majandatav metsamaa;Kokku;Pindala (tuhat ha);Kuusk;71...80;35,8
2019;Majandatav metsamaa;Kokku;Pindala (tuhat ha);Kuusk;71...80;32,0
2020;Majandatav metsamaa;Kokku;Pindala (tuhat ha);Kuusk;71...80;32,2
2021;Majandatav metsamaa;Kokku;Pindala (tuhat ha);Kuusk;71...80;29,7
2022;Majandatav metsamaa;Kokku;Pindala (tuhat ha);Kuusk;71...80;26,4
2023;Majandatav metsamaa;Kokku;Pindala (tuhat ha);Kuusk;71...80;22,7
2024;Majandatav metsamaa;Kokku;Pindala (tuhat ha);Kuusk;71...80;21,9
1999;Majandatav metsamaa;Kokku;Pindala (tuhat ha);Kuusk;61...70;53,2
2000;Majandatav metsamaa;Kokku;Pindala (tuhat ha);Kuusk;61...70;51,0
2001;Majandatav metsamaa;Kokku;Pindala (tuhat ha);Kuusk;61...70;55,3
2002;Majandatav metsamaa;Kokku;Pindala (tuhat ha);Kuusk;61...70;55,5
2003;Majandatav metsamaa;Kokku;Pindala (tuhat ha);Kuusk;61...70;52,6
2004;Majandatav metsamaa;Kokku;Pindala (tuhat ha);Kuusk;61...70;48,4
2005;Majandatav metsamaa;Kokku;Pindala (tuhat ha);Kuusk;61...70;47,4
2006;Majandatav metsamaa;Kokku;Pindala (tuhat ha);Kuusk;61...70;43,1
2007;Majandatav metsamaa;Kokku;Pindala (tuhat ha);Kuusk;61...70;39,6
2008;Majandatav metsamaa;Kokku;Pindala (tuhat ha);Kuusk;61...70;40,7
2009;Majandatav metsamaa;Kokku;Pindala (tuhat ha);Kuusk;61...70;39,7
2010;Majandatav metsamaa;Kokku;Pindala (tuhat ha);Kuusk;61...70;40,4
2011;Majandatav metsamaa;Kokku;Pindala (tuhat ha);Kuusk;61...70;41,3
2012;Majandatav metsamaa;Kokku;Pindala (tuhat ha);Kuusk;61...70;43,6
2013;Majandatav metsamaa;Kokku;Pindala (tuhat ha);Kuusk;61...70;42,9
2014;Majandatav metsamaa;Kokku;Pindala (tuhat ha);Kuusk;61...70;42,6
2015;Majandatav metsamaa;Kokku;Pindala (tuhat ha);Kuusk;61...70;40,8
2016;Majandatav metsamaa;Kokku;Pindala (tuhat ha);Kuusk;61...70;39,9
2017;Majandatav metsamaa;Kokku;Pindala (tuhat ha);Kuusk;61...70;35,9
2018;Majandatav metsamaa;Kokku;Pindala (tuhat ha);Kuusk;61...70;33,8
2019;Majandatav metsamaa;Kokku;Pindala (tuhat ha);Kuusk;61...70;32,9
2020;Majandatav metsamaa;Kokku;Pindala (tuhat ha);Kuusk;61...70;30,4
2021;Majandatav metsamaa;Kokku;Pindala (tuhat ha);Kuusk;61...70;27,5
2022;Majandatav metsamaa;Kokku;Pindala (tuhat ha);Kuusk;61...70;26,9
2023;Majandatav metsamaa;Kokku;Pindala (tuhat ha);Kuusk;61...70;25,8
2024;Majandatav metsamaa;Kokku;Pindala (tuhat ha);Kuusk;61...70;24,3
1999;Majandatav metsamaa;Kokku;Pindala (tuhat ha);Kuusk;51...60;45,5
2000;Majandatav metsamaa;Kokku;Pindala (tuhat ha);Kuusk;51...60;47,9
2001;Majandatav metsamaa;Kokku;Pindala (tuhat ha);Kuusk;51...60;48,2
2002;Majandatav metsamaa;Kokku;Pindala (tuhat ha);Kuusk;51...60;50,4
2003;Majandatav metsamaa;Kokku;Pindala (tuhat ha);Kuusk;51...60;52,7
2004;Majandatav metsamaa;Kokku;Pindala (tuhat ha);Kuusk;51...60;51,9
2005;Majandatav metsamaa;Kokku;Pindala (tuhat ha);Kuusk;51...60;51,2
2006;Majandatav metsamaa;Kokku;Pindala (tuhat ha);Kuusk;51...60;49,4
2007;Majandatav metsamaa;Kokku;Pindala (tuhat ha);Kuusk;51...60;45,5
2008;Majandatav metsamaa;Kokku;Pindala (tuhat ha);Kuusk;51...60;40,1
2009;Majandatav metsamaa;Kokku;Pindala (tuhat ha);Kuusk;51...60;37,2
2010;Majandatav metsamaa;Kokku;Pindala (tuhat ha);Kuusk;51...60;32,7
2011;Majandatav metsamaa;Kokku;Pindala (tuhat ha);Kuusk;51...60;32,3
2012;Majandatav metsamaa;Kokku;Pindala (tuhat ha);Kuusk;51...60;30,9
2013;Majandatav metsamaa;Kokku;Pindala (tuhat ha);Kuusk;51...60;31,1
2014;Majandatav metsamaa;Kokku;Pindala (tuhat ha);Kuusk;51...60;32,9
2015;Majandatav metsamaa;Kokku;Pindala (tuhat ha);Kuusk;51...60;34,4
2016;Majandatav metsamaa;Kokku;Pindala (tuhat ha);Kuusk;51...60;35,1
2017;Majandatav metsamaa;Kokku;Pindala (tuhat ha);Kuusk;51...60;34,2
2018;Majandatav metsamaa;Kokku;Pindala (tuhat ha);Kuusk;51...60;34,3
2019;Majandatav metsamaa;Kokku;Pindala (tuhat ha);Kuusk;51...60;34,2
2020;Majandatav metsamaa;Kokku;Pindala (tuhat ha);Kuusk;51...60;35,7
2021;Majandatav metsamaa;Kokku;Pindala (tuhat ha);Kuusk;51...60;31,8
2022;Majandatav metsamaa;Kokku;Pindala (tuhat ha);Kuusk;51...60;32,1
2023;Majandatav metsamaa;Kokku;Pindala (tuhat ha);Kuusk;51...60;32,7
2024;Majandatav metsamaa;Kokku;Pindala (tuhat ha);Kuusk;51...60;34,0
1999;Majandatav metsamaa;Kokku;Pindala (tuhat ha);Kuusk;41...50;31,7
2000;Majandatav metsamaa;Kokku;Pindala (tuhat ha);Kuusk;41...50;32,3
2001;Majandatav metsamaa;Kokku;Pindala (tuhat ha);Kuusk;41...50;36,3
2002;Majandatav metsamaa;Kokku;Pindala (tuhat ha);Kuusk;41...50;35,2
2003;Majandatav metsamaa;Kokku;Pindala (tuhat ha);Kuusk;41...50;33,3
2004;Majandatav metsamaa;Kokku;Pindala (tuhat ha);Kuusk;41...50;34,1
2005;Majandatav metsamaa;Kokku;Pindala (tuhat ha);Kuusk;41...50;34,3
2006;Majandatav metsamaa;Kokku;Pindala (tuhat ha);Kuusk;41...50;33,3
2007;Majandatav metsamaa;Kokku;Pindala (tuhat ha);Kuusk;41...50;33,9
2008;Majandatav metsamaa;Kokku;Pindala (tuhat ha);Kuusk;41...50;39,2
2009;Majandatav metsamaa;Kokku;Pindala (tuhat ha);Kuusk;41...50;43,5
2010;Majandatav metsamaa;Kokku;Pindala (tuhat ha);Kuusk;41...50;50,1
2011;Majandatav metsamaa;Kokku;Pindala (tuhat ha);Kuusk;41...50;52,7
2012;Majandatav metsamaa;Kokku;Pindala (tuhat ha);Kuusk;41...50;52,5
2013;Majandatav metsamaa;Kokku;Pindala (tuhat ha);Kuusk;41...50;52,3
2014;Majandatav metsamaa;Kokku;Pindala (tuhat ha);Kuusk;41...50;54,7
2015;Majandatav metsamaa;Kokku;Pindala (tuhat ha);Kuusk;41...50;54,9
2016;Majandatav metsamaa;Kokku;Pindala (tuhat ha);Kuusk;41...50;53,4
2017;Majandatav metsamaa;Kokku;Pindala (tuhat ha);Kuusk;41...50;55,2
2018;Majandatav metsamaa;Kokku;Pindala (tuhat ha);Kuusk;41...50;55,4
2019;Majandatav metsamaa;Kokku;Pindala (tuhat ha);Kuusk;41...50;54,2
2020;Majandatav metsamaa;Kokku;Pindala (tuhat ha);Kuusk;41...50;49,5
2021;Majandatav metsamaa;Kokku;Pindala (tuhat ha);Kuusk;41...50;48,3
2022;Majandatav metsamaa;Kokku;Pindala (tuhat ha);Kuusk;41...50;46,8
2023;Majandatav metsamaa;Kokku;Pindala (tuhat ha);Kuusk;41...50;47,4
2024;Majandatav metsamaa;Kokku;Pindala (tuhat ha);Kuusk;41...50;43,6
1999;Majandatav metsamaa;Kokku;Pindala (tuhat ha);Kuusk;31...40;44,2
2000;Majandatav metsamaa;Kokku;Pindala (tuhat ha);Kuusk;31...40;39,5
2001;Majandatav metsamaa;Kokku;Pindala (tuhat ha);Kuusk;31...40;41,0
2002;Majandatav metsamaa;Kokku;Pindala (tuhat ha);Kuusk;31...40;39,7
2003;Majandatav metsamaa;Kokku;Pindala (tuhat ha);Kuusk;31...40;37,7
2004;Majandatav metsamaa;Kokku;Pindala (tuhat ha);Kuusk;31...40;37,1
2005;Majandatav metsamaa;Kokku;Pindala (tuhat ha);Kuusk;31...40;39,5
2006;Majandatav metsamaa;Kokku;Pindala (tuhat ha);Kuusk;31...40;38,7
2007;Majandatav metsamaa;Kokku;Pindala (tuhat ha);Kuusk;31...40;38,5
2008;Majandatav metsamaa;Kokku;Pindala (tuhat ha);Kuusk;31...40;43,0
2009;Majandatav metsamaa;Kokku;Pindala (tuhat ha);Kuusk;31...40;44,0
2010;Majandatav metsamaa;Kokku;Pindala (tuhat ha);Kuusk;31...40;44,3
2011;Majandatav metsamaa;Kokku;Pindala (tuhat ha);Kuusk;31...40;46,4
2012;Majandatav metsamaa;Kokku;Pindala (tuhat ha);Kuusk;31...40;47,4
2013;Majandatav metsamaa;Kokku;Pindala (tuhat ha);Kuusk;31...40;47,3
2014;Majandatav metsamaa;Kokku;Pindala (tuhat ha);Kuusk;31...40;50,1
2015;Majandatav metsamaa;Kokku;Pindala (tuhat ha);Kuusk;31...40;49,4
2016;Majandatav metsamaa;Kokku;Pindala (tuhat ha);Kuusk;31...40;47,8
2017;Majandatav metsamaa;Kokku;Pindala (tuhat ha);Kuusk;31...40;46,1
2018;Majandatav metsamaa;Kokku;Pindala (tuhat ha);Kuusk;31...40;46,3
2019;Majandatav metsamaa;Kokku;Pindala (tuhat ha);Kuusk;31...40;43,9
2020;Majandatav metsamaa;Kokku;Pindala (tuhat ha);Kuusk;31...40;42,2
2021;Majandatav metsamaa;Kokku;Pindala (tuhat ha);Kuusk;31...40;40,6
2022;Majandatav metsamaa;Kokku;Pindala (tuhat ha);Kuusk;31...40;39,3
2023;Majandatav metsamaa;Kokku;Pindala (tuhat ha);Kuusk;31...40;38,2
2024;Majandatav metsamaa;Kokku;Pindala (tuhat ha);Kuusk;31...40;35,2
1999;Majandatav metsamaa;Kokku;Pindala (tuhat ha);Kuusk;21...30;43,2
2000;Majandatav metsamaa;Kokku;Pindala (tuhat ha);Kuusk;21...30;36,5
2001;Majandatav metsamaa;Kokku;Pindala (tuhat ha);Kuusk;21...30;37,9
2002;Majandatav metsamaa;Kokku;Pindala (tuhat ha);Kuusk;21...30;37,9
2003;Majandatav metsamaa;Kokku;Pindala (tuhat ha);Kuusk;21...30;40,0
2004;Majandatav metsamaa;Kokku;Pindala (tuhat ha);Kuusk;21...30;39,9
2005;Majandatav metsamaa;Kokku;Pindala (tuhat ha);Kuusk;21...30;39,1
2006;Majandatav metsamaa;Kokku;Pindala (tuhat ha);Kuusk;21...30;36,6
2007;Majandatav metsamaa;Kokku;Pindala (tuhat ha);Kuusk;21...30;35,2
2008;Majandatav metsamaa;Kokku;Pindala (tuhat ha);Kuusk;21...30;33,0
2009;Majandatav metsamaa;Kokku;Pindala (tuhat ha);Kuusk;21...30;29,6
2010;Majandatav metsamaa;Kokku;Pindala (tuhat ha);Kuusk;21...30;31,2
2011;Majandatav metsamaa;Kokku;Pindala (tuhat ha);Kuusk;21...30;31,7
2012;Majandatav metsamaa;Kokku;Pindala (tuhat ha);Kuusk;21...30;27,6
2013;Majandatav metsamaa;Kokku;Pindala (tuhat ha);Kuusk;21...30;24,4
2014;Majandatav metsamaa;Kokku;Pindala (tuhat ha);Kuusk;21...30;22,4
2015;Majandatav metsamaa;Kokku;Pindala (tuhat ha);Kuusk;21...30;24,0
2016;Majandatav metsamaa;Kokku;Pindala (tuhat ha);Kuusk;21...30;25,2
2017;Majandatav metsamaa;Kokku;Pindala (tuhat ha);Kuusk;21...30;25,9
2018;Majandatav metsamaa;Kokku;Pindala (tuhat ha);Kuusk;21...30;28,5
2019;Majandatav metsamaa;Kokku;Pindala (tuhat ha);Kuusk;21...30;30,7
2020;Majandatav metsamaa;Kokku;Pindala (tuhat ha);Kuusk;21...30;30,3
2021;Majandatav metsamaa;Kokku;Pindala (tuhat ha);Kuusk;21...30;29,5
2022;Majandatav metsamaa;Kokku;Pindala (tuhat ha);Kuusk;21...30;31,9
2023;Majandatav metsamaa;Kokku;Pindala (tuhat ha);Kuusk;21...30;31,7
2024;Majandatav metsamaa;Kokku;Pindala (tuhat ha);Kuusk;21...30;33,1
1999;Majandatav metsamaa;Kokku;Pindala (tuhat ha);Kuusk;11...20;22,7
2000;Majandatav metsamaa;Kokku;Pindala (tuhat ha);Kuusk;11...20;26,0
2001;Majandatav metsamaa;Kokku;Pindala (tuhat ha);Kuusk;11...20;25,1
2002;Majandatav metsamaa;Kokku;Pindala (tuhat ha);Kuusk;11...20;24,2
2003;Majandatav metsamaa;Kokku;Pindala (tuhat ha);Kuusk;11...20;23,7
2004;Majandatav metsamaa;Kokku;Pindala (tuhat ha);Kuusk;11...20;23,0
2005;Majandatav metsamaa;Kokku;Pindala (tuhat ha);Kuusk;11...20;22,1
2006;Majandatav metsamaa;Kokku;Pindala (tuhat ha);Kuusk;11...20;20,1
2007;Majandatav metsamaa;Kokku;Pindala (tuhat ha);Kuusk;11...20;20,1
2008;Majandatav metsamaa;Kokku;Pindala (tuhat ha);Kuusk;11...20;17,8
2009;Majandatav metsamaa;Kokku;Pindala (tuhat ha);Kuusk;11...20;16,6
2010;Majandatav metsamaa;Kokku;Pindala (tuhat ha);Kuusk;11...20;16,6
2011;Majandatav metsamaa;Kokku;Pindala (tuhat ha);Kuusk;11...20;19,9
2012;Majandatav metsamaa;Kokku;Pindala (tuhat ha);Kuusk;11...20;22,7
2013;Majandatav metsamaa;Kokku;Pindala (tuhat ha);Kuusk;11...20;27,2
2014;Majandatav metsamaa;Kokku;Pindala (tuhat ha);Kuusk;11...20;29,3
2015;Majandatav metsamaa;Kokku;Pindala (tuhat ha);Kuusk;11...20;31,1
2016;Majandatav metsamaa;Kokku;Pindala (tuhat ha);Kuusk;11...20;32,4
2017;Majandatav metsamaa;Kokku;Pindala (tuhat ha);Kuusk;11...20;30,7
2018;Majandatav metsamaa;Kokku;Pindala (tuhat ha);Kuusk;11...20;32,4
2019;Majandatav metsamaa;Kokku;Pindala (tuhat ha);Kuusk;11...20;35,9
2020;Majandatav metsamaa;Kokku;Pindala (tuhat ha);Kuusk;11...20;35,5
2021;Majandatav metsamaa;Kokku;Pindala (tuhat ha);Kuusk;11...20;34,7
2022;Majandatav metsamaa;Kokku;Pindala (tuhat ha);Kuusk;11...20;36,9
2023;Majandatav metsamaa;Kokku;Pindala (tuhat ha);Kuusk;11...20;36,8
2024;Majandatav metsamaa;Kokku;Pindala (tuhat ha);Kuusk;11...20;37,7
1999;Majandatav metsamaa;Kokku;Pindala (tuhat ha);Kuusk;...10;1,1
2000;Majandatav metsamaa;Kokku;Pindala (tuhat ha);Kuusk;...10;4,5
2001;Majandatav metsamaa;Kokku;Pindala (tuhat ha);Kuusk;...10;4,3
2002;Majandatav metsamaa;Kokku;Pindala (tuhat ha);Kuusk;...10;4,3
2003;Majandatav metsamaa;Kokku;Pindala (tuhat ha);Kuusk;...10;4,5
2004;Majandatav metsamaa;Kokku;Pindala (tuhat ha);Kuusk;...10;6,7
2005;Majandatav metsamaa;Kokku;Pindala (tuhat ha);Kuusk;...10;6,7
2006;Majandatav metsamaa;Kokku;Pindala (tuhat ha);Kuusk;...10;7,6
2007;Majandatav metsamaa;Kokku;Pindala (tuhat ha);Kuusk;...10;8,6
2008;Majandatav metsamaa;Kokku;Pindala (tuhat ha);Kuusk;...10;9,1
2009;Majandatav metsamaa;Kokku;Pindala (tuhat ha);Kuusk;...10;7,9
2010;Majandatav metsamaa;Kokku;Pindala (tuhat ha);Kuusk;...10;8,0
2011;Majandatav metsamaa;Kokku;Pindala (tuhat ha);Kuusk;...10;8,7
2012;Majandatav metsamaa;Kokku;Pindala (tuhat ha);Kuusk;...10;8,5
2013;Majandatav metsamaa;Kokku;Pindala (tuhat ha);Kuusk;...10;9,5
2014;Majandatav metsamaa;Kokku;Pindala (tuhat ha);Kuusk;...10;12,0
2015;Majandatav metsamaa;Kokku;Pindala (tuhat ha);Kuusk;...10;13,3
2016;Majandatav metsamaa;Kokku;Pindala (tuhat ha);Kuusk;...10;13,6
2017;Majandatav metsamaa;Kokku;Pindala (tuhat ha);Kuusk;...10;15,4
2018;Majandatav metsamaa;Kokku;Pindala (tuhat ha);Kuusk;...10;18,1
2019;Majandatav metsamaa;Kokku;Pindala (tuhat ha);Kuusk;...10;20,0
2020;Majandatav metsamaa;Kokku;Pindala (tuhat ha);Kuusk;...10;20,4
2021;Majandatav metsamaa;Kokku;Pindala (tuhat ha);Kuusk;...10;22,7
2022;Majandatav metsamaa;Kokku;Pindala (tuhat ha);Kuusk;...10;23,4
2023;Majandatav metsamaa;Kokku;Pindala (tuhat ha);Kuusk;...10;25,6
2024;Majandatav metsamaa;Kokku;Pindala (tuhat ha);Kuusk;...10;27,2
1999;Majandatav metsamaa;Kokku;Pindala (tuhat ha);Kuusk;Selguseta ala;25,5
2000;Majandatav metsamaa;Kokku;Pindala (tuhat ha);Kuusk;Selguseta ala;26,0
2001;Majandatav metsamaa;Kokku;Pindala (tuhat ha);Kuusk;Selguseta ala;23,5
2002;Majandatav metsamaa;Kokku;Pindala (tuhat ha);Kuusk;Selguseta ala;21,8
2003;Majandatav metsamaa;Kokku;Pindala (tuhat ha);Kuusk;Selguseta ala;19,0
2004;Majandatav metsamaa;Kokku;Pindala (tuhat ha);Kuusk;Selguseta ala;17,3
2005;Majandatav metsamaa;Kokku;Pindala (tuhat ha);Kuusk;Selguseta ala;15,5
2006;Majandatav metsamaa;Kokku;Pindala (tuhat ha);Kuusk;Selguseta ala;15,5
2007;Majandatav metsamaa;Kokku;Pindala (tuhat ha);Kuusk;Selguseta ala;16,9
2008;Majandatav metsamaa;Kokku;Pindala (tuhat ha);Kuusk;Selguseta ala;20,5
2009;Majandatav metsamaa;Kokku;Pindala (tuhat ha);Kuusk;Selguseta ala;20,8
2010;Majandatav metsamaa;Kokku;Pindala (tuhat ha);Kuusk;Selguseta ala;20,6
2011;Majandatav metsamaa;Kokku;Pindala (tuhat ha);Kuusk;Selguseta ala;22,5
2012;Majandatav metsamaa;Kokku;Pindala (tuhat ha);Kuusk;Selguseta ala;21,4
2013;Majandatav metsamaa;Kokku;Pindala (tuhat ha);Kuusk;Selguseta ala;21,0
2014;Majandatav metsamaa;Kokku;Pindala (tuhat ha);Kuusk;Selguseta ala;23,3
2015;Majandatav metsamaa;Kokku;Pindala (tuhat ha);Kuusk;Selguseta ala;25,5
2016;Majandatav metsamaa;Kokku;Pindala (tuhat ha);Kuusk;Selguseta ala;24,5
2017;Majandatav metsamaa;Kokku;Pindala (tuhat ha);Kuusk;Selguseta ala;26,5
2018;Majandatav metsamaa;Kokku;Pindala (tuhat ha);Kuusk;Selguseta ala;29,5
2019;Majandatav metsamaa;Kokku;Pindala (tuhat ha);Kuusk;Selguseta ala;30,3
2020;Majandatav metsamaa;Kokku;Pindala (tuhat ha);Kuusk;Selguseta ala;34,8
2021;Majandatav metsamaa;Kokku;Pindala (tuhat ha);Kuusk;Selguseta ala;42,3
2022;Majandatav metsamaa;Kokku;Pindala (tuhat ha);Kuusk;Selguseta ala;46,2
2023;Majandatav metsamaa;Kokku;Pindala (tuhat ha);Kuusk;Selguseta ala;50,0
2024;Majandatav metsamaa;Kokku;Pindala (tuhat ha);Kuusk;Selguseta ala;56,0
1999;Majandatav metsamaa;Kokku;Pindala (tuhat ha);Kuusk;Lage ala;22,7
2000;Majandatav metsamaa;Kokku;Pindala (tuhat ha);Kuusk;Lage ala;20,4
2001;Majandatav metsamaa;Kokku;Pindala (tuhat ha);Kuusk;Lage ala;23,3
2002;Majandatav metsamaa;Kokku;Pindala (tuhat ha);Kuusk;Lage ala;23,1
2003;Majandatav metsamaa;Kokku;Pindala (tuhat ha);Kuusk;Lage ala;23,5
2004;Majandatav metsamaa;Kokku;Pindala (tuhat ha);Kuusk;Lage ala;22,9
2005;Majandatav metsamaa;Kokku;Pindala (tuhat ha);Kuusk;Lage ala;24,6
2006;Majandatav metsamaa;Kokku;Pindala (tuhat ha);Kuusk;Lage ala;23,4
2007;Majandatav metsamaa;Kokku;Pindala (tuhat ha);Kuusk;Lage ala;24,2
2008;Majandatav metsamaa;Kokku;Pindala (tuhat ha);Kuusk;Lage ala;26,6
2009;Majandatav metsamaa;Kokku;Pindala (tuhat ha);Kuusk;Lage ala;26,6
2010;Majandatav metsamaa;Kokku;Pindala (tuhat ha);Kuusk;Lage ala;23,4
2011;Majandatav metsamaa;Kokku;Pindala (tuhat ha);Kuusk;Lage ala;24,0
2012;Majandatav metsamaa;Kokku;Pindala (tuhat ha);Kuusk;Lage ala;22,8
2013;Majandatav metsamaa;Kokku;Pindala (tuhat ha);Kuusk;Lage ala;21,6
2014;Majandatav metsamaa;Kokku;Pindala (tuhat ha);Kuusk;Lage ala;23,5
2015;Majandatav metsamaa;Kokku;Pindala (tuhat ha);Kuusk;Lage ala;26,1
2016;Majandatav metsamaa;Kokku;Pindala (tuhat ha);Kuusk;Lage ala;29,3
2017;Majandatav metsamaa;Kokku;Pindala (tuhat ha);Kuusk;Lage ala;30,2
2018;Majandatav metsamaa;Kokku;Pindala (tuhat ha);Kuusk;Lage ala;28,5
2019;Majandatav metsamaa;Kokku;Pindala (tuhat ha);Kuusk;Lage ala;27,1
2020;Majandatav metsamaa;Kokku;Pindala (tuhat ha);Kuusk;Lage ala;25,1
2021;Majandatav metsamaa;Kokku;Pindala (tuhat ha);Kuusk;Lage ala;19,0
2022;Majandatav metsamaa;Kokku;Pindala (tuhat ha);Kuusk;Lage ala;15,7
2023;Majandatav metsamaa;Kokku;Pindala (tuhat ha);Kuusk;Lage ala;14,7
2024;Majandatav metsamaa;Kokku;Pindala (tuhat ha);Kuusk;Lage ala;14,7
