Omand;Boniteedi klass;Majanduskategooria;Aasta;Enamuspuuliik;Measure Names;Measure Values
Kokku;Kokku;Mittemajandatavad metsad;2018;Mänd;Suht.viga           (± %);0,066697610
Kokku;5A-5B;Mittemajandatavad metsad;2018;Mänd;Suht.viga           (± %);0,139215241
Kokku;5;Mittemajandatavad metsad;2018;Mänd;Suht.viga           (± %);0,130172040
Kokku;4;Mittemajandatavad metsad;2018;Mänd;Suht.viga           (± %);0,123153445
Kokku;3;Mittemajandatavad metsad;2018;Mänd;Suht.viga           (± %);0,100644130
Kokku;2;Mittemajandatavad metsad;2018;Mänd;Suht.viga           (± %);0,112789321
Kokku;1;Mittemajandatavad metsad;2018;Mänd;Suht.viga           (± %);0,134455461
Kokku;1A;Mittemajandatavad metsad;2018;Mänd;Suht.viga           (± %);0,199352190
Kokku;Kokku;Mittemajandatavad metsad;2018;Mänd; Osakaal (%) ;1
Kokku;5A-5B;Mittemajandatavad metsad;2018;Mänd; Osakaal (%) ;0,164873318
Kokku;5;Mittemajandatavad metsad;2018;Mänd; Osakaal (%) ;0,106528749
Kokku;4;Mittemajandatavad metsad;2018;Mänd; Osakaal (%) ;0,172029050
Kokku;3;Mittemajandatavad metsad;2018;Mänd; Osakaal (%) ;0,206714390
Kokku;2;Mittemajandatavad metsad;2018;Mänd; Osakaal (%) ;0,199989467
Kokku;1;Mittemajandatavad metsad;2018;Mänd; Osakaal (%) ;0,119549619
Kokku;1A;Mittemajandatavad metsad;2018;Mänd; Osakaal (%) ;0,030315408
Kokku;Kokku;Mittemajandatavad metsad;2018;Mänd;    Pindala      (tuh ha);144,750057482
Kokku;5A-5B;Mittemajandatavad metsad;2018;Mänd;    Pindala      (tuh ha);23,865422268
Kokku;5;Mittemajandatavad metsad;2018;Mänd;    Pindala      (tuh ha);15,420042491
Kokku;4;Mittemajandatavad metsad;2018;Mänd;    Pindala      (tuh ha);24,901214855
Kokku;3;Mittemajandatavad metsad;2018;Mänd;    Pindala      (tuh ha);29,921919767
Kokku;2;Mittemajandatavad metsad;2018;Mänd;    Pindala      (tuh ha);28,948486871
Kokku;1;Mittemajandatavad metsad;2018;Mänd;    Pindala      (tuh ha);17,304814153
Kokku;1A;Mittemajandatavad metsad;2018;Mänd;    Pindala      (tuh ha);4,388157079
Kokku;Kokku;Mittemajandatavad metsad;2018;Kuusk;Suht.viga           (± %);0,096082877
Kokku;5A-5B;Mittemajandatavad metsad;2018;Kuusk;Suht.viga           (± %);
Kokku;5;Mittemajandatavad metsad;2018;Kuusk;Suht.viga           (± %);1,000010930
Kokku;4;Mittemajandatavad metsad;2018;Kuusk;Suht.viga           (± %);0,408040269
Kokku;3;Mittemajandatavad metsad;2018;Kuusk;Suht.viga           (± %);0,231686578
Kokku;2;Mittemajandatavad metsad;2018;Kuusk;Suht.viga           (± %);0,165860073
Kokku;1;Mittemajandatavad metsad;2018;Kuusk;Suht.viga           (± %);0,128050410
Kokku;1A;Mittemajandatavad metsad;2018;Kuusk;Suht.viga           (± %);0,145008149
Kokku;Kokku;Mittemajandatavad metsad;2018;Kuusk; Osakaal (%) ;1
Kokku;5A-5B;Mittemajandatavad metsad;2018;Kuusk; Osakaal (%) ;
Kokku;5;Mittemajandatavad metsad;2018;Kuusk; Osakaal (%) ;0,003506439
Kokku;4;Mittemajandatavad metsad;2018;Kuusk; Osakaal (%) ;0,021038635
Kokku;3;Mittemajandatavad metsad;2018;Kuusk; Osakaal (%) ;0,078643471
Kokku;2;Mittemajandatavad metsad;2018;Kuusk; Osakaal (%) ;0,199630351
Kokku;1;Mittemajandatavad metsad;2018;Kuusk; Osakaal (%) ;0,362900681
Kokku;1A;Mittemajandatavad metsad;2018;Kuusk; Osakaal (%) ;0,334280423
Kokku;Kokku;Mittemajandatavad metsad;2018;Kuusk;    Pindala      (tuh ha);44,549937951
Kokku;5A-5B;Mittemajandatavad metsad;2018;Kuusk;    Pindala      (tuh ha);
Kokku;5;Mittemajandatavad metsad;2018;Kuusk;    Pindala      (tuh ha);0,156211650
Kokku;4;Mittemajandatavad metsad;2018;Kuusk;    Pindala      (tuh ha);0,937269899
Kokku;3;Mittemajandatavad metsad;2018;Kuusk;    Pindala      (tuh ha);3,503561747
Kokku;2;Mittemajandatavad metsad;2018;Kuusk;    Pindala      (tuh ha);8,893519758
Kokku;1;Mittemajandatavad metsad;2018;Kuusk;    Pindala      (tuh ha);16,167202812
Kokku;1A;Mittemajandatavad metsad;2018;Kuusk;    Pindala      (tuh ha);14,892172084
Kokku;Kokku;Mittemajandatavad metsad;2018;Kask;Suht.viga           (± %);0,084889198
Kokku;5A-5B;Mittemajandatavad metsad;2018;Kask;Suht.viga           (± %);0,400664022
Kokku;5;Mittemajandatavad metsad;2018;Kask;Suht.viga           (± %);0,272827226
Kokku;4;Mittemajandatavad metsad;2018;Kask;Suht.viga           (± %);0,189583434
Kokku;3;Mittemajandatavad metsad;2018;Kask;Suht.viga           (± %);0,155533030
Kokku;2;Mittemajandatavad metsad;2018;Kask;Suht.viga           (± %);0,139136886
Kokku;1;Mittemajandatavad metsad;2018;Kask;Suht.viga           (± %);0,129264427
Kokku;1A;Mittemajandatavad metsad;2018;Kask;Suht.viga           (± %);0,192724751
Kokku;Kokku;Mittemajandatavad metsad;2018;Kask; Osakaal (%) ;1
Kokku;5A-5B;Mittemajandatavad metsad;2018;Kask; Osakaal (%) ;0,019235241
Kokku;5;Mittemajandatavad metsad;2018;Kask; Osakaal (%) ;0,047019478
Kokku;4;Mittemajandatavad metsad;2018;Kask; Osakaal (%) ;0,114236173
Kokku;3;Mittemajandatavad metsad;2018;Kask; Osakaal (%) ;0,150226591
Kokku;2;Mittemajandatavad metsad;2018;Kask; Osakaal (%) ;0,302669082
Kokku;1;Mittemajandatavad metsad;2018;Kask; Osakaal (%) ;0,239463362
Kokku;1A;Mittemajandatavad metsad;2018;Kask; Osakaal (%) ;0,127150072
Kokku;Kokku;Mittemajandatavad metsad;2018;Kask;    Pindala      (tuh ha);73,090056326
Kokku;5A-5B;Mittemajandatavad metsad;2018;Kask;    Pindala      (tuh ha);1,405904849
Kokku;5;Mittemajandatavad metsad;2018;Kask;    Pindala      (tuh ha);3,436656298
Kokku;4;Mittemajandatavad metsad;2018;Kask;    Pindala      (tuh ha);8,349528308
Kokku;3;Mittemajandatavad metsad;2018;Kask;    Pindala      (tuh ha);10,980070008
Kokku;2;Mittemajandatavad metsad;2018;Kask;    Pindala      (tuh ha);22,122100255
Kokku;1;Mittemajandatavad metsad;2018;Kask;    Pindala      (tuh ha);17,502390648
Kokku;1A;Mittemajandatavad metsad;2018;Kask;    Pindala      (tuh ha);9,293405961
Kokku;Kokku;Mittemajandatavad metsad;2018;Haab;Suht.viga           (± %);0,132120552
Kokku;5A-5B;Mittemajandatavad metsad;2018;Haab;Suht.viga           (± %);
Kokku;5;Mittemajandatavad metsad;2018;Haab;Suht.viga           (± %);1,000010930
Kokku;4;Mittemajandatavad metsad;2018;Haab;Suht.viga           (± %);
Kokku;3;Mittemajandatavad metsad;2018;Haab;Suht.viga           (± %);0,500021859
Kokku;2;Mittemajandatavad metsad;2018;Haab;Suht.viga           (± %);0,396064348
Kokku;1;Mittemajandatavad metsad;2018;Haab;Suht.viga           (± %);0,179626808
Kokku;1A;Mittemajandatavad metsad;2018;Haab;Suht.viga           (± %);0,187303299
Kokku;Kokku;Mittemajandatavad metsad;2018;Haab; Osakaal (%) ;1
Kokku;5A-5B;Mittemajandatavad metsad;2018;Haab; Osakaal (%) ;
Kokku;5;Mittemajandatavad metsad;2018;Haab; Osakaal (%) ;0,010140692
Kokku;4;Mittemajandatavad metsad;2018;Haab; Osakaal (%) ;
Kokku;3;Mittemajandatavad metsad;2018;Haab; Osakaal (%) ;0,020281384
Kokku;2;Mittemajandatavad metsad;2018;Haab; Osakaal (%) ;0,111547612
Kokku;1;Mittemajandatavad metsad;2018;Haab; Osakaal (%) ;0,451490986
Kokku;1A;Mittemajandatavad metsad;2018;Haab; Osakaal (%) ;0,406539327
Kokku;Kokku;Mittemajandatavad metsad;2018;Haab;    Pindala      (tuh ha);15,404436947
Kokku;5A-5B;Mittemajandatavad metsad;2018;Haab;    Pindala      (tuh ha);
Kokku;5;Mittemajandatavad metsad;2018;Haab;    Pindala      (tuh ha);0,156211650
Kokku;4;Mittemajandatavad metsad;2018;Haab;    Pindala      (tuh ha);
Kokku;3;Mittemajandatavad metsad;2018;Haab;    Pindala      (tuh ha);0,312423300
Kokku;2;Mittemajandatavad metsad;2018;Haab;    Pindala      (tuh ha);1,718328149
Kokku;1;Mittemajandatavad metsad;2018;Haab;    Pindala      (tuh ha);6,954964425
Kokku;1A;Mittemajandatavad metsad;2018;Haab;    Pindala      (tuh ha);6,262509423
Kokku;Kokku;Mittemajandatavad metsad;2018;Sanglepp;Suht.viga           (± %);0,174035601
Kokku;5A-5B;Mittemajandatavad metsad;2018;Sanglepp;Suht.viga           (± %);
Kokku;5;Mittemajandatavad metsad;2018;Sanglepp;Suht.viga           (± %);
Kokku;4;Mittemajandatavad metsad;2018;Sanglepp;Suht.viga           (± %);0,790583240
Kokku;3;Mittemajandatavad metsad;2018;Sanglepp;Suht.viga           (± %);0,335897374
Kokku;2;Mittemajandatavad metsad;2018;Sanglepp;Suht.viga           (± %);0,231008352
Kokku;1;Mittemajandatavad metsad;2018;Sanglepp;Suht.viga           (± %);0,234948772
Kokku;1A;Mittemajandatavad metsad;2018;Sanglepp;Suht.viga           (± %);0,745366639
Kokku;Kokku;Mittemajandatavad metsad;2018;Sanglepp; Osakaal (%) ;1
Kokku;5A-5B;Mittemajandatavad metsad;2018;Sanglepp; Osakaal (%) ;
Kokku;5;Mittemajandatavad metsad;2018;Sanglepp; Osakaal (%) ;
Kokku;4;Mittemajandatavad metsad;2018;Sanglepp; Osakaal (%) ;0,047662909
Kokku;3;Mittemajandatavad metsad;2018;Sanglepp; Osakaal (%) ;0,128844758
Kokku;2;Mittemajandatavad metsad;2018;Sanglepp; Osakaal (%) ;0,518418735
Kokku;1;Mittemajandatavad metsad;2018;Sanglepp; Osakaal (%) ;0,269326416
Kokku;1A;Mittemajandatavad metsad;2018;Sanglepp; Osakaal (%) ;0,035747182
Kokku;Kokku;Mittemajandatavad metsad;2018;Sanglepp;    Pindala      (tuh ha);13,109703431
Kokku;5A-5B;Mittemajandatavad metsad;2018;Sanglepp;    Pindala      (tuh ha);
Kokku;5;Mittemajandatavad metsad;2018;Sanglepp;    Pindala      (tuh ha);
Kokku;4;Mittemajandatavad metsad;2018;Sanglepp;    Pindala      (tuh ha);0,624846600
Kokku;3;Mittemajandatavad metsad;2018;Sanglepp;    Pindala      (tuh ha);1,689116570
Kokku;2;Mittemajandatavad metsad;2018;Sanglepp;    Pindala      (tuh ha);6,796315873
Kokku;1;Mittemajandatavad metsad;2018;Sanglepp;    Pindala      (tuh ha);3,530789438
Kokku;1A;Mittemajandatavad metsad;2018;Sanglepp;    Pindala      (tuh ha);0,468634950
Kokku;Kokku;Mittemajandatavad metsad;2018;Hall lepp;Suht.viga           (± %);0,173552953
Kokku;5A-5B;Mittemajandatavad metsad;2018;Hall lepp;Suht.viga           (± %);
Kokku;5;Mittemajandatavad metsad;2018;Hall lepp;Suht.viga           (± %);
Kokku;4;Mittemajandatavad metsad;2018;Hall lepp;Suht.viga           (± %);
Kokku;3;Mittemajandatavad metsad;2018;Hall lepp;Suht.viga           (± %);0,510735331
Kokku;2;Mittemajandatavad metsad;2018;Hall lepp;Suht.viga           (± %);0,287394762
Kokku;1;Mittemajandatavad metsad;2018;Hall lepp;Suht.viga           (± %);0,214517052
Kokku;1A;Mittemajandatavad metsad;2018;Hall lepp;Suht.viga           (± %);0,577286203
Kokku;Kokku;Mittemajandatavad metsad;2018;Hall lepp; Osakaal (%) ;1
Kokku;5A-5B;Mittemajandatavad metsad;2018;Hall lepp; Osakaal (%) ;
Kokku;5;Mittemajandatavad metsad;2018;Hall lepp; Osakaal (%) ;
Kokku;4;Mittemajandatavad metsad;2018;Hall lepp; Osakaal (%) ;
Kokku;3;Mittemajandatavad metsad;2018;Hall lepp; Osakaal (%) ;0,082381639
Kokku;2;Mittemajandatavad metsad;2018;Hall lepp; Osakaal (%) ;0,249383246
Kokku;1;Mittemajandatavad metsad;2018;Hall lepp; Osakaal (%) ;0,598936966
Kokku;1A;Mittemajandatavad metsad;2018;Hall lepp; Osakaal (%) ;0,069298148
Kokku;Kokku;Mittemajandatavad metsad;2018;Hall lepp;    Pindala      (tuh ha);6,762589778
Kokku;5A-5B;Mittemajandatavad metsad;2018;Hall lepp;    Pindala      (tuh ha);
Kokku;5;Mittemajandatavad metsad;2018;Hall lepp;    Pindala      (tuh ha);
Kokku;4;Mittemajandatavad metsad;2018;Hall lepp;    Pindala      (tuh ha);
Kokku;3;Mittemajandatavad metsad;2018;Hall lepp;    Pindala      (tuh ha);0,557113228
Kokku;2;Mittemajandatavad metsad;2018;Hall lepp;    Pindala      (tuh ha);1,686476593
Kokku;1;Mittemajandatavad metsad;2018;Hall lepp;    Pindala      (tuh ha);4,050365007
Kokku;1A;Mittemajandatavad metsad;2018;Hall lepp;    Pindala      (tuh ha);0,468634950
RMK;Kokku;Mittemajandatavad metsad;2018;Mänd;Suht.viga           (± %);0,070311580
RMK;5A-5B;Mittemajandatavad metsad;2018;Mänd;Suht.viga           (± %);0,146323482
RMK;5;Mittemajandatavad metsad;2018;Mänd;Suht.viga           (± %);0,132413972
RMK;4;Mittemajandatavad metsad;2018;Mänd;Suht.viga           (± %);0,127565892
RMK;3;Mittemajandatavad metsad;2018;Mänd;Suht.viga           (± %);0,107437662
RMK;2;Mittemajandatavad metsad;2018;Mänd;Suht.viga           (± %);0,121815150
RMK;1;Mittemajandatavad metsad;2018;Mänd;Suht.viga           (± %);0,141128322
RMK;1A;Mittemajandatavad metsad;2018;Mänd;Suht.viga           (± %);0,220246096
RMK;Kokku;Mittemajandatavad metsad;2018;Mänd; Osakaal (%) ;1
RMK;5A-5B;Mittemajandatavad metsad;2018;Mänd; Osakaal (%) ;0,162394452
RMK;5;Mittemajandatavad metsad;2018;Mänd; Osakaal (%) ;0,112814688
RMK;4;Mittemajandatavad metsad;2018;Mänd; Osakaal (%) ;0,173745993
RMK;3;Mittemajandatavad metsad;2018;Mänd; Osakaal (%) ;0,203884562
RMK;2;Mittemajandatavad metsad;2018;Mänd; Osakaal (%) ;0,194085817
RMK;1;Mittemajandatavad metsad;2018;Mänd; Osakaal (%) ;0,124678721
RMK;1A;Mittemajandatavad metsad;2018;Mänd; Osakaal (%) ;0,028395768
RMK;Kokku;Mittemajandatavad metsad;2018;Mänd;    Pindala      (tuh ha);132,530682350
RMK;5A-5B;Mittemajandatavad metsad;2018;Mänd;    Pindala      (tuh ha);21,522247519
RMK;5;Mittemajandatavad metsad;2018;Mänd;    Pindala      (tuh ha);14,951407541
RMK;4;Mittemajandatavad metsad;2018;Mänd;    Pindala      (tuh ha);23,026675056
RMK;3;Mittemajandatavad metsad;2018;Mänd;    Pindala      (tuh ha);27,020960080
RMK;2;Mittemajandatavad metsad;2018;Mänd;    Pindala      (tuh ha);25,722325771
RMK;1;Mittemajandatavad metsad;2018;Mänd;    Pindala      (tuh ha);16,523755903
RMK;1A;Mittemajandatavad metsad;2018;Mänd;    Pindala      (tuh ha);3,763310479
RMK;Kokku;Mittemajandatavad metsad;2018;Kuusk;Suht.viga           (± %);0,101452761
RMK;5A-5B;Mittemajandatavad metsad;2018;Kuusk;Suht.viga           (± %);
RMK;5;Mittemajandatavad metsad;2018;Kuusk;Suht.viga           (± %);1,000010930
RMK;4;Mittemajandatavad metsad;2018;Kuusk;Suht.viga           (± %);0,408040269
RMK;3;Mittemajandatavad metsad;2018;Kuusk;Suht.viga           (± %);0,253271930
RMK;2;Mittemajandatavad metsad;2018;Kuusk;Suht.viga           (± %);0,179955313
RMK;1;Mittemajandatavad metsad;2018;Kuusk;Suht.viga           (± %);0,134774032
RMK;1A;Mittemajandatavad metsad;2018;Kuusk;Suht.viga           (± %);0,150946007
RMK;Kokku;Mittemajandatavad metsad;2018;Kuusk; Osakaal (%) ;1
RMK;5A-5B;Mittemajandatavad metsad;2018;Kuusk; Osakaal (%) ;
RMK;5;Mittemajandatavad metsad;2018;Kuusk; Osakaal (%) ;0,003870138
RMK;4;Mittemajandatavad metsad;2018;Kuusk; Osakaal (%) ;0,023220830
RMK;3;Mittemajandatavad metsad;2018;Kuusk; Osakaal (%) ;0,078934566
RMK;2;Mittemajandatavad metsad;2018;Kuusk; Osakaal (%) ;0,193245680
RMK;1;Mittemajandatavad metsad;2018;Kuusk; Osakaal (%) ;0,366995151
RMK;1A;Mittemajandatavad metsad;2018;Kuusk; Osakaal (%) ;0,333733635
RMK;Kokku;Mittemajandatavad metsad;2018;Kuusk;    Pindala      (tuh ha);40,363325143
RMK;5A-5B;Mittemajandatavad metsad;2018;Kuusk;    Pindala      (tuh ha);
RMK;5;Mittemajandatavad metsad;2018;Kuusk;    Pindala      (tuh ha);0,156211650
RMK;4;Mittemajandatavad metsad;2018;Kuusk;    Pindala      (tuh ha);0,937269899
RMK;3;Mittemajandatavad metsad;2018;Kuusk;    Pindala      (tuh ha);3,186061569
RMK;2;Mittemajandatavad metsad;2018;Kuusk;    Pindala      (tuh ha);7,800038209
RMK;1;Mittemajandatavad metsad;2018;Kuusk;    Pindala      (tuh ha);14,813144610
RMK;1A;Mittemajandatavad metsad;2018;Kuusk;    Pindala      (tuh ha);13,470599206
RMK;Kokku;Mittemajandatavad metsad;2018;Kask;Suht.viga           (± %);0,090276567
RMK;5A-5B;Mittemajandatavad metsad;2018;Kask;Suht.viga           (± %);0,400664022
RMK;5;Mittemajandatavad metsad;2018;Kask;Suht.viga           (± %);0,281817609
RMK;4;Mittemajandatavad metsad;2018;Kask;Suht.viga           (± %);0,196296813
RMK;3;Mittemajandatavad metsad;2018;Kask;Suht.viga           (± %);0,169659440
RMK;2;Mittemajandatavad metsad;2018;Kask;Suht.viga           (± %);0,154735274
RMK;1;Mittemajandatavad metsad;2018;Kask;Suht.viga           (± %);0,142016110
RMK;1A;Mittemajandatavad metsad;2018;Kask;Suht.viga           (± %);0,192724751
RMK;Kokku;Mittemajandatavad metsad;2018;Kask; Osakaal (%) ;1
RMK;5A-5B;Mittemajandatavad metsad;2018;Kask; Osakaal (%) ;0,021190167
RMK;5;Mittemajandatavad metsad;2018;Kask; Osakaal (%) ;0,049443723
RMK;4;Mittemajandatavad metsad;2018;Kask; Osakaal (%) ;0,115368687
RMK;3;Mittemajandatavad metsad;2018;Kask; Osakaal (%) ;0,144304330
RMK;2;Mittemajandatavad metsad;2018;Kask; Osakaal (%) ;0,295355139
RMK;1;Mittemajandatavad metsad;2018;Kask; Osakaal (%) ;0,234265300
RMK;1A;Mittemajandatavad metsad;2018;Kask; Osakaal (%) ;0,140072654
RMK;Kokku;Mittemajandatavad metsad;2018;Kask;    Pindala      (tuh ha);66,347039868
RMK;5A-5B;Mittemajandatavad metsad;2018;Kask;    Pindala      (tuh ha);1,405904849
RMK;5;Mittemajandatavad metsad;2018;Kask;    Pindala      (tuh ha);3,280444648
RMK;4;Mittemajandatavad metsad;2018;Kask;    Pindala      (tuh ha);7,654370845
RMK;3;Mittemajandatavad metsad;2018;Kask;    Pindala      (tuh ha);9,574165159
RMK;2;Mittemajandatavad metsad;2018;Kask;    Pindala      (tuh ha);19,595939179
RMK;1;Mittemajandatavad metsad;2018;Kask;    Pindala      (tuh ha);15,542809227
RMK;1A;Mittemajandatavad metsad;2018;Kask;    Pindala      (tuh ha);9,293405961
RMK;Kokku;Mittemajandatavad metsad;2018;Haab;Suht.viga           (± %);0,140049791
RMK;5A-5B;Mittemajandatavad metsad;2018;Haab;Suht.viga           (± %);
RMK;5;Mittemajandatavad metsad;2018;Haab;Suht.viga           (± %);1,000010930
RMK;4;Mittemajandatavad metsad;2018;Haab;Suht.viga           (± %);
RMK;3;Mittemajandatavad metsad;2018;Haab;Suht.viga           (± %);1,000010930
RMK;2;Mittemajandatavad metsad;2018;Haab;Suht.viga           (± %);0,374000421
RMK;1;Mittemajandatavad metsad;2018;Haab;Suht.viga           (± %);0,190874795
RMK;1A;Mittemajandatavad metsad;2018;Haab;Suht.viga           (± %);0,195702131
RMK;Kokku;Mittemajandatavad metsad;2018;Haab; Osakaal (%) ;1
RMK;5A-5B;Mittemajandatavad metsad;2018;Haab; Osakaal (%) ;
RMK;5;Mittemajandatavad metsad;2018;Haab; Osakaal (%) ;0,011563875
RMK;4;Mittemajandatavad metsad;2018;Haab; Osakaal (%) ;
RMK;3;Mittemajandatavad metsad;2018;Haab; Osakaal (%) ;0,011563875
RMK;2;Mittemajandatavad metsad;2018;Haab; Osakaal (%) ;0,115638754
RMK;1;Mittemajandatavad metsad;2018;Haab; Osakaal (%) ;0,430069776
RMK;1A;Mittemajandatavad metsad;2018;Haab; Osakaal (%) ;0,431163719
RMK;Kokku;Mittemajandatavad metsad;2018;Haab;    Pindala      (tuh ha);13,508589879
RMK;5A-5B;Mittemajandatavad metsad;2018;Haab;    Pindala      (tuh ha);
RMK;5;Mittemajandatavad metsad;2018;Haab;    Pindala      (tuh ha);0,156211650
RMK;4;Mittemajandatavad metsad;2018;Haab;    Pindala      (tuh ha);
RMK;3;Mittemajandatavad metsad;2018;Haab;    Pindala      (tuh ha);0,156211650
RMK;2;Mittemajandatavad metsad;2018;Haab;    Pindala      (tuh ha);1,562116499
RMK;1;Mittemajandatavad metsad;2018;Haab;    Pindala      (tuh ha);5,809636229
RMK;1A;Mittemajandatavad metsad;2018;Haab;    Pindala      (tuh ha);5,824413851
RMK;Kokku;Mittemajandatavad metsad;2018;Sanglepp;Suht.viga           (± %);0,181431621
RMK;5A-5B;Mittemajandatavad metsad;2018;Sanglepp;Suht.viga           (± %);
RMK;5;Mittemajandatavad metsad;2018;Sanglepp;Suht.viga           (± %);
RMK;4;Mittemajandatavad metsad;2018;Sanglepp;Suht.viga           (± %);0,790583240
RMK;3;Mittemajandatavad metsad;2018;Sanglepp;Suht.viga           (± %);0,445786856
RMK;2;Mittemajandatavad metsad;2018;Sanglepp;Suht.viga           (± %);0,234981735
RMK;1;Mittemajandatavad metsad;2018;Sanglepp;Suht.viga           (± %);0,241428491
RMK;1A;Mittemajandatavad metsad;2018;Sanglepp;Suht.viga           (± %);0,745366639
RMK;Kokku;Mittemajandatavad metsad;2018;Sanglepp; Osakaal (%) ;1
RMK;5A-5B;Mittemajandatavad metsad;2018;Sanglepp; Osakaal (%) ;
RMK;5;Mittemajandatavad metsad;2018;Sanglepp; Osakaal (%) ;
RMK;4;Mittemajandatavad metsad;2018;Sanglepp; Osakaal (%) ;0,052685165
RMK;3;Mittemajandatavad metsad;2018;Sanglepp; Osakaal (%) ;0,089736008
RMK;2;Mittemajandatavad metsad;2018;Sanglepp; Osakaal (%) ;0,533530815
RMK;1;Mittemajandatavad metsad;2018;Sanglepp; Osakaal (%) ;0,284534138
RMK;1A;Mittemajandatavad metsad;2018;Sanglepp; Osakaal (%) ;0,039513874
RMK;Kokku;Mittemajandatavad metsad;2018;Sanglepp;    Pindala      (tuh ha);11,860010232
RMK;5A-5B;Mittemajandatavad metsad;2018;Sanglepp;    Pindala      (tuh ha);
RMK;5;Mittemajandatavad metsad;2018;Sanglepp;    Pindala      (tuh ha);
RMK;4;Mittemajandatavad metsad;2018;Sanglepp;    Pindala      (tuh ha);0,624846600
RMK;3;Mittemajandatavad metsad;2018;Sanglepp;    Pindala      (tuh ha);1,064269971
RMK;2;Mittemajandatavad metsad;2018;Sanglepp;    Pindala      (tuh ha);6,327680924
RMK;1;Mittemajandatavad metsad;2018;Sanglepp;    Pindala      (tuh ha);3,374577788
RMK;1A;Mittemajandatavad metsad;2018;Sanglepp;    Pindala      (tuh ha);0,468634950
RMK;Kokku;Mittemajandatavad metsad;2018;Hall lepp;Suht.viga           (± %);0,199390018
RMK;5A-5B;Mittemajandatavad metsad;2018;Hall lepp;Suht.viga           (± %);
RMK;5;Mittemajandatavad metsad;2018;Hall lepp;Suht.viga           (± %);
RMK;4;Mittemajandatavad metsad;2018;Hall lepp;Suht.viga           (± %);
RMK;3;Mittemajandatavad metsad;2018;Hall lepp;Suht.viga           (± %);0,707122238
RMK;2;Mittemajandatavad metsad;2018;Hall lepp;Suht.viga           (± %);0,330677254
RMK;1;Mittemajandatavad metsad;2018;Hall lepp;Suht.viga           (± %);0,242782681
RMK;1A;Mittemajandatavad metsad;2018;Hall lepp;Suht.viga           (± %);0,577286203
RMK;Kokku;Mittemajandatavad metsad;2018;Hall lepp; Osakaal (%) ;1
RMK;5A-5B;Mittemajandatavad metsad;2018;Hall lepp; Osakaal (%) ;
RMK;5;Mittemajandatavad metsad;2018;Hall lepp; Osakaal (%) ;
RMK;4;Mittemajandatavad metsad;2018;Hall lepp; Osakaal (%) ;
RMK;3;Mittemajandatavad metsad;2018;Hall lepp; Osakaal (%) ;0,058626785
RMK;2;Mittemajandatavad metsad;2018;Hall lepp; Osakaal (%) ;0,234507139
RMK;1;Mittemajandatavad metsad;2018;Hall lepp; Osakaal (%) ;0,618925899
RMK;1A;Mittemajandatavad metsad;2018;Hall lepp; Osakaal (%) ;0,087940177
RMK;Kokku;Mittemajandatavad metsad;2018;Hall lepp;    Pindala      (tuh ha);5,329019846
RMK;5A-5B;Mittemajandatavad metsad;2018;Hall lepp;    Pindala      (tuh ha);
RMK;5;Mittemajandatavad metsad;2018;Hall lepp;    Pindala      (tuh ha);
RMK;4;Mittemajandatavad metsad;2018;Hall lepp;    Pindala      (tuh ha);
RMK;3;Mittemajandatavad metsad;2018;Hall lepp;    Pindala      (tuh ha);0,312423300
RMK;2;Mittemajandatavad metsad;2018;Hall lepp;    Pindala      (tuh ha);1,249693199
RMK;1;Mittemajandatavad metsad;2018;Hall lepp;    Pindala      (tuh ha);3,298268397
RMK;1A;Mittemajandatavad metsad;2018;Hall lepp;    Pindala      (tuh ha);0,468634950
Teised;Kokku;Mittemajandatavad metsad;2018;Mänd;Suht.viga           (± %);0,227107896
Teised;5A-5B;Mittemajandatavad metsad;2018;Mänd;Suht.viga           (± %);0,426851443
Teised;5;Mittemajandatavad metsad;2018;Mänd;Suht.viga           (± %);0,745370656
Teised;4;Mittemajandatavad metsad;2018;Mänd;Suht.viga           (± %);0,424894679
Teised;3;Mittemajandatavad metsad;2018;Mänd;Suht.viga           (± %);0,295313094
Teised;2;Mittemajandatavad metsad;2018;Mänd;Suht.viga           (± %);0,262640322
Teised;1;Mittemajandatavad metsad;2018;Mänd;Suht.viga           (± %);0,447229999
Teised;1A;Mittemajandatavad metsad;2018;Mänd;Suht.viga           (± %);0,500080254
Teised;Kokku;Mittemajandatavad metsad;2018;Mänd; Osakaal (%) ;1
Teised;5A-5B;Mittemajandatavad metsad;2018;Mänd; Osakaal (%) ;0,191758967
Teised;5;Mittemajandatavad metsad;2018;Mänd; Osakaal (%) ;0,038351793
Teised;4;Mittemajandatavad metsad;2018;Mänd; Osakaal (%) ;0,153407173
Teised;3;Mittemajandatavad metsad;2018;Mänd; Osakaal (%) ;0,237406549
Teised;2;Mittemajandatavad metsad;2018;Mänd; Osakaal (%) ;0,264020137
Teised;1;Mittemajandatavad metsad;2018;Mänd; Osakaal (%) ;0,063919656
Teised;1A;Mittemajandatavad metsad;2018;Mänd; Osakaal (%) ;0,051135724
Teised;Kokku;Mittemajandatavad metsad;2018;Mänd;    Pindala      (tuh ha);12,219375133
Teised;5A-5B;Mittemajandatavad metsad;2018;Mänd;    Pindala      (tuh ha);2,343174749
Teised;5;Mittemajandatavad metsad;2018;Mänd;    Pindala      (tuh ha);0,468634950
Teised;4;Mittemajandatavad metsad;2018;Mänd;    Pindala      (tuh ha);1,874539799
Teised;3;Mittemajandatavad metsad;2018;Mänd;    Pindala      (tuh ha);2,900959687
Teised;2;Mittemajandatavad metsad;2018;Mänd;    Pindala      (tuh ha);3,226161100
Teised;1;Mittemajandatavad metsad;2018;Mänd;    Pindala      (tuh ha);0,781058250
Teised;1A;Mittemajandatavad metsad;2018;Mänd;    Pindala      (tuh ha);0,624846600
Teised;Kokku;Mittemajandatavad metsad;2018;Kuusk;Suht.viga           (± %);0,226978725
Teised;5A-5B;Mittemajandatavad metsad;2018;Kuusk;Suht.viga           (± %);
Teised;5;Mittemajandatavad metsad;2018;Kuusk;Suht.viga           (± %);
Teised;4;Mittemajandatavad metsad;2018;Kuusk;Suht.viga           (± %);
Teised;3;Mittemajandatavad metsad;2018;Kuusk;Suht.viga           (± %);0,646802824
Teised;2;Mittemajandatavad metsad;2018;Kuusk;Suht.viga           (± %);0,377786208
Teised;1;Mittemajandatavad metsad;2018;Kuusk;Suht.viga           (± %);0,381506889
Teised;1A;Mittemajandatavad metsad;2018;Kuusk;Suht.viga           (± %);0,333107875
Teised;Kokku;Mittemajandatavad metsad;2018;Kuusk; Osakaal (%) ;1
Teised;5A-5B;Mittemajandatavad metsad;2018;Kuusk; Osakaal (%) ;
Teised;5;Mittemajandatavad metsad;2018;Kuusk; Osakaal (%) ;
Teised;4;Mittemajandatavad metsad;2018;Kuusk; Osakaal (%) ;
Teised;3;Mittemajandatavad metsad;2018;Kuusk; Osakaal (%) ;0,075837005
Teised;2;Mittemajandatavad metsad;2018;Kuusk; Osakaal (%) ;0,261185259
Teised;1;Mittemajandatavad metsad;2018;Kuusk; Osakaal (%) ;0,323425706
Teised;1A;Mittemajandatavad metsad;2018;Kuusk; Osakaal (%) ;0,339552030
Teised;Kokku;Mittemajandatavad metsad;2018;Kuusk;    Pindala      (tuh ha);4,186612808
Teised;5A-5B;Mittemajandatavad metsad;2018;Kuusk;    Pindala      (tuh ha);
Teised;5;Mittemajandatavad metsad;2018;Kuusk;    Pindala      (tuh ha);
Teised;4;Mittemajandatavad metsad;2018;Kuusk;    Pindala      (tuh ha);
Teised;3;Mittemajandatavad metsad;2018;Kuusk;    Pindala      (tuh ha);0,317500178
Teised;2;Mittemajandatavad metsad;2018;Kuusk;    Pindala      (tuh ha);1,093481549
Teised;1;Mittemajandatavad metsad;2018;Kuusk;    Pindala      (tuh ha);1,354058203
Teised;1A;Mittemajandatavad metsad;2018;Kuusk;    Pindala      (tuh ha);1,421572878
Teised;Kokku;Mittemajandatavad metsad;2018;Kask;Suht.viga           (± %);0,186893082
Teised;5A-5B;Mittemajandatavad metsad;2018;Kask;Suht.viga           (± %);
Teised;5;Mittemajandatavad metsad;2018;Kask;Suht.viga           (± %);1,000010928
Teised;4;Mittemajandatavad metsad;2018;Kask;Suht.viga           (± %);0,460496961
Teised;3;Mittemajandatavad metsad;2018;Kask;Suht.viga           (± %);0,342213607
Teised;2;Mittemajandatavad metsad;2018;Kask;Suht.viga           (± %);0,275148083
Teised;1;Mittemajandatavad metsad;2018;Kask;Suht.viga           (± %);0,326656698
Teised;1A;Mittemajandatavad metsad;2018;Kask;Suht.viga           (± %);
Teised;Kokku;Mittemajandatavad metsad;2018;Kask; Osakaal (%) ;1
Teised;5A-5B;Mittemajandatavad metsad;2018;Kask; Osakaal (%) ;
Teised;5;Mittemajandatavad metsad;2018;Kask; Osakaal (%) ;0,023166435
Teised;4;Mittemajandatavad metsad;2018;Kask; Osakaal (%) ;0,103092951
Teised;3;Mittemajandatavad metsad;2018;Kask; Osakaal (%) ;0,208497912
Teised;2;Mittemajandatavad metsad;2018;Kask; Osakaal (%) ;0,374633681
Teised;1;Mittemajandatavad metsad;2018;Kask; Osakaal (%) ;0,290609022
Teised;1A;Mittemajandatavad metsad;2018;Kask; Osakaal (%) ;
Teised;Kokku;Mittemajandatavad metsad;2018;Kask;    Pindala      (tuh ha);6,743016458
Teised;5A-5B;Mittemajandatavad metsad;2018;Kask;    Pindala      (tuh ha);
Teised;5;Mittemajandatavad metsad;2018;Kask;    Pindala      (tuh ha);0,156211650
Teised;4;Mittemajandatavad metsad;2018;Kask;    Pindala      (tuh ha);0,695157463
Teised;3;Mittemajandatavad metsad;2018;Kask;    Pindala      (tuh ha);1,405904849
Teised;2;Mittemajandatavad metsad;2018;Kask;    Pindala      (tuh ha);2,526161075
Teised;1;Mittemajandatavad metsad;2018;Kask;    Pindala      (tuh ha);1,959581421
Teised;1A;Mittemajandatavad metsad;2018;Kask;    Pindala      (tuh ha);
Teised;Kokku;Mittemajandatavad metsad;2018;Haab;Suht.viga           (± %);0,326928627
Teised;5A-5B;Mittemajandatavad metsad;2018;Haab;Suht.viga           (± %);
Teised;5;Mittemajandatavad metsad;2018;Haab;Suht.viga           (± %);
Teised;4;Mittemajandatavad metsad;2018;Haab;Suht.viga           (± %);
Teised;3;Mittemajandatavad metsad;2018;Haab;Suht.viga           (± %);1,000010930
Teised;2;Mittemajandatavad metsad;2018;Haab;Suht.viga           (± %);0,999750354
Teised;1;Mittemajandatavad metsad;2018;Haab;Suht.viga           (± %);0,454498674
Teised;1A;Mittemajandatavad metsad;2018;Haab;Suht.viga           (± %);0,580167899
Teised;Kokku;Mittemajandatavad metsad;2018;Haab; Osakaal (%) ;1
Teised;5A-5B;Mittemajandatavad metsad;2018;Haab; Osakaal (%) ;
Teised;5;Mittemajandatavad metsad;2018;Haab; Osakaal (%) ;
Teised;4;Mittemajandatavad metsad;2018;Haab; Osakaal (%) ;
Teised;3;Mittemajandatavad metsad;2018;Haab; Osakaal (%) ;0,082396757
Teised;2;Mittemajandatavad metsad;2018;Haab; Osakaal (%) ;0,082396757
Teised;1;Mittemajandatavad metsad;2018;Haab; Osakaal (%) ;0,604124782
Teised;1A;Mittemajandatavad metsad;2018;Haab; Osakaal (%) ;0,231081705
Teised;Kokku;Mittemajandatavad metsad;2018;Haab;    Pindala      (tuh ha);1,895847068
Teised;5A-5B;Mittemajandatavad metsad;2018;Haab;    Pindala      (tuh ha);
Teised;5;Mittemajandatavad metsad;2018;Haab;    Pindala      (tuh ha);
Teised;4;Mittemajandatavad metsad;2018;Haab;    Pindala      (tuh ha);
Teised;3;Mittemajandatavad metsad;2018;Haab;    Pindala      (tuh ha);0,156211650
Teised;2;Mittemajandatavad metsad;2018;Haab;    Pindala      (tuh ha);0,156211650
Teised;1;Mittemajandatavad metsad;2018;Haab;    Pindala      (tuh ha);1,145328196
Teised;1A;Mittemajandatavad metsad;2018;Haab;    Pindala      (tuh ha);0,438095572
Teised;Kokku;Mittemajandatavad metsad;2018;Sanglepp;Suht.viga           (± %);0,432313781
Teised;5A-5B;Mittemajandatavad metsad;2018;Sanglepp;Suht.viga           (± %);
Teised;5;Mittemajandatavad metsad;2018;Sanglepp;Suht.viga           (± %);
Teised;4;Mittemajandatavad metsad;2018;Sanglepp;Suht.viga           (± %);
Teised;3;Mittemajandatavad metsad;2018;Sanglepp;Suht.viga           (± %);0,499221652
Teised;2;Mittemajandatavad metsad;2018;Sanglepp;Suht.viga           (± %);0,576845084
Teised;1;Mittemajandatavad metsad;2018;Sanglepp;Suht.viga           (± %);1,000010930
Teised;1A;Mittemajandatavad metsad;2018;Sanglepp;Suht.viga           (± %);
Teised;Kokku;Mittemajandatavad metsad;2018;Sanglepp; Osakaal (%) ;1
Teised;5A-5B;Mittemajandatavad metsad;2018;Sanglepp; Osakaal (%) ;
Teised;5;Mittemajandatavad metsad;2018;Sanglepp; Osakaal (%) ;
Teised;4;Mittemajandatavad metsad;2018;Sanglepp; Osakaal (%) ;
Teised;3;Mittemajandatavad metsad;2018;Sanglepp; Osakaal (%) ;0,500000000
Teised;2;Mittemajandatavad metsad;2018;Sanglepp; Osakaal (%) ;0,375
Teised;1;Mittemajandatavad metsad;2018;Sanglepp; Osakaal (%) ;0,125
Teised;1A;Mittemajandatavad metsad;2018;Sanglepp; Osakaal (%) ;
Teised;Kokku;Mittemajandatavad metsad;2018;Sanglepp;    Pindala      (tuh ha);1,249693199
Teised;5A-5B;Mittemajandatavad metsad;2018;Sanglepp;    Pindala      (tuh ha);
Teised;5;Mittemajandatavad metsad;2018;Sanglepp;    Pindala      (tuh ha);
Teised;4;Mittemajandatavad metsad;2018;Sanglepp;    Pindala      (tuh ha);
Teised;3;Mittemajandatavad metsad;2018;Sanglepp;    Pindala      (tuh ha);0,624846600
Teised;2;Mittemajandatavad metsad;2018;Sanglepp;    Pindala      (tuh ha);0,468634950
Teised;1;Mittemajandatavad metsad;2018;Sanglepp;    Pindala      (tuh ha);0,156211650
Teised;1A;Mittemajandatavad metsad;2018;Sanglepp;    Pindala      (tuh ha);
Teised;Kokku;Mittemajandatavad metsad;2018;Hall lepp;Suht.viga           (± %);0,354848247
Teised;5A-5B;Mittemajandatavad metsad;2018;Hall lepp;Suht.viga           (± %);
Teised;5;Mittemajandatavad metsad;2018;Hall lepp;Suht.viga           (± %);
Teised;4;Mittemajandatavad metsad;2018;Hall lepp;Suht.viga           (± %);
Teised;3;Mittemajandatavad metsad;2018;Hall lepp;Suht.viga           (± %);0,733313396
Teised;2;Mittemajandatavad metsad;2018;Hall lepp;Suht.viga           (± %);0,580287244
Teised;1;Mittemajandatavad metsad;2018;Hall lepp;Suht.viga           (± %);0,448495744
Teised;1A;Mittemajandatavad metsad;2018;Hall lepp;Suht.viga           (± %);
Teised;Kokku;Mittemajandatavad metsad;2018;Hall lepp; Osakaal (%) ;1
Teised;5A-5B;Mittemajandatavad metsad;2018;Hall lepp; Osakaal (%) ;
Teised;5;Mittemajandatavad metsad;2018;Hall lepp; Osakaal (%) ;
Teised;4;Mittemajandatavad metsad;2018;Hall lepp; Osakaal (%) ;
Teised;3;Mittemajandatavad metsad;2018;Hall lepp; Osakaal (%) ;0,170685729
Teised;2;Mittemajandatavad metsad;2018;Hall lepp; Osakaal (%) ;0,304682307
Teised;1;Mittemajandatavad metsad;2018;Hall lepp; Osakaal (%) ;0,524631964
Teised;1A;Mittemajandatavad metsad;2018;Hall lepp; Osakaal (%) ;
Teised;Kokku;Mittemajandatavad metsad;2018;Hall lepp;    Pindala      (tuh ha);1,433569932
Teised;5A-5B;Mittemajandatavad metsad;2018;Hall lepp;    Pindala      (tuh ha);
Teised;5;Mittemajandatavad metsad;2018;Hall lepp;    Pindala      (tuh ha);
Teised;4;Mittemajandatavad metsad;2018;Hall lepp;    Pindala      (tuh ha);
Teised;3;Mittemajandatavad metsad;2018;Hall lepp;    Pindala      (tuh ha);0,244689928
Teised;2;Mittemajandatavad metsad;2018;Hall lepp;    Pindala      (tuh ha);0,436783394
Teised;1;Mittemajandatavad metsad;2018;Hall lepp;    Pindala      (tuh ha);0,752096610
Teised;1A;Mittemajandatavad metsad;2018;Hall lepp;    Pindala      (tuh ha);
